RESOURCE_NODE,UNIT_SUBSTATION,UNIT_NAME
7RNCHSLR_ALL,7RNCHSLR,UNIT1
7RNCHSLR_ALL,7RNCHSLR,UNIT2
7RNCHSLR_ALL,7RNCHSLR,UNIT3
A4_DGR1_RN,A4,DGR1
A4_DGR2_RN,A4,DGR2
ABINDUST_RN,ABINDUST,ESR1
ADL_RN,ADL,ESR1
ADL_RN,ADL,SOLAR1
AEEC,AEEC,ANTLP_1
AEEC,AEEC,ANTLP_2
AEEC,AEEC,ANTLP_3
AEEC,AEEC,ELK_1
AEEC,AEEC,ELK_2
AEEC,AEEC,ELK_3
AE_RN,AE,ESR1
AGUAYO_UNIT1,AGUAYO,UNIT1
AJAXWIND_RN,AJAXWIND,UNIT1
AJAXWIND_RN,AJAXWIND,UNIT2
ALAMO_ST_RN,ALAMO_ST,ESR1
ALGOD_ALL_RN,ALGODON,UNIT1
ALGOD_ALL_RN,ALGODON,UNIT2
ALP_BESS_RN,ALP_BESS,ESR1
ALVIN_RN,ALVIN,ESR1
AMADEUS_ALL,AMADEUS1,UNIT1
AMADEUS_ALL,AMADEUS1,UNIT2
AMADEUS_ALL,AMADEUS2,UNIT3
AMAD_ESS_RN,AMAD_ESS,ESR1
AMISTAD_ALL,AMISTAD,AMISTAG1
AMISTAD_ALL,AMISTAD,AMISTAG2
AMO_AMOCO_1,AMOCOOIL,AMOCO_1
AMO_AMOCO_2,AMOCOOIL,AMOCO_2
AMO_AMOCO_5,AMOCOOIL,AMOCO_5
AMO_AMOCO_G1,AMOCOOIL,AMOCO_G1
AMO_AMOCO_G2,AMOCOOIL,AMOCO_G2
AMO_AMOCO_G3,AMOCOOIL,AMOCO_G3
AMO_AMOCO_S1,AMOCOOIL,AMOCO_S1
AMO_AMOCO_S2,AMOCOOIL,AMOCO_S2
ANACACHO_ANA,ANACACHO,ANA
ANCHOR_ALL,ANCHOR,ESR1
ANCHOR_ALL,ANCHOR,ESR2
ANCHOR_ALL,ANCHOR,WIND1
ANCHOR_ALL,ANCHOR,WIND2
ANCHOR_ALL,ANCHOR,WIND3
ANCHOR_ALL,ANCHOR,WIND4
ANCHOR_ALL,ANCHOR,WIND5
ANDMDSLR_ALL,ANDMDSLR,ESR1
ANDMDSLR_ALL,ANDMDSLR,ESR2
ANDMDSLR_ALL,ANDMDSLR,UNIT1
ANDMDSLR_ALL,ANDMDSLR,UNIT2
ANEM_ESS_RN,ANEM_ESS,ESR1
ANG_ALL,ANG_SLR,ESR1
ANG_ALL,ANG_SLR,UNIT1
ANOL_ESS_RN,ANOL_ESS,ESR1
ANSON1_ALL,ANSON1,UNIT1
ANSON1_ALL,ANSON1,UNIT2
ANSON1_ALL,ANSON2,UNIT1
ANTL_ESS_ES1,ANTL_ESS,ESR1
APPALOSA_ALL,APPALOSA,UNIT1
APPALOSA_ALL,APPALOSA,UNIT2
APPLE_ESR_RN,APPLE,ESR1
AQUI_ALL,AQUILLA,U1_23
AQUI_ALL,AQUILLA,U1_28
AQUI_ALL,AQUILLA,U2_23
AQUI_ALL,AQUILLA,U2_28
ARAGORN_RN,ARAGORN,UNIT1
ARY_BESS_RN,ARY_BESS,ESR1
ASCK_SLR_RN,ASCK_SLR,SOLAR1
ASCK_SLR_RN,ASCK_SLR,SOLAR2
ASTRA_RN,ASTRA,UNIT1
ATK_ATKINSG7,ATKINS,ATKINSG7
AURO_SLR_RN,AURO_SLR,UNIT1
AUSTPL_ALL,AUSTPL,AUSTING1
AUSTPL_ALL,AUSTPL,AUSTING2
AVIAT_ALL,AVIATOR,UNIT1
AVIAT_ALL,AVIATOR,UNIT2
AVIAT_ALL,DEWOLF,UNIT1
AVIL_ESS_RN,AVIL_ESS,ESR1
AZSP_SLR_RN,AZSP_SLR,SOLAR1
AZURE_RN,AZURE,ESR1
AZURE_RN,AZURE,SOLAR1
AZURE_RN,AZURE,SOLAR2
AZ_ALL,AZ,AZ_G1
AZ_ALL,AZ,AZ_G2
AZ_ALL,AZ,AZ_G3
AZ_ALL,AZ,AZ_G4
BAC_RN_ALL,BAC,CTG1
BAC_RN_ALL,BAC,CTG2
BAC_RN_ALL,BAC,CTG3
BAC_RN_ALL,BAC,CTG4
BAC_RN_ALL,BAC,CTG5
BAC_RN_ALL,BAC,CTG6
BAFFIN_ALL,BAFFIN,UNIT1
BAFFIN_ALL,BAFFIN,UNIT2
BAIRDWND_ALL,BAIRDWND,UNIT1
BAIRDWND_ALL,BAIRDWND,UNIT2
BAKE_RN_ALL,BAKE_SLR,UNIT1
BAKE_RN_ALL,BAKE_SLR,UNIT2
BARROW_ALL,BARROW,UNIT1
BARROW_ALL,BARROW,UNIT2
BART_SLR_RN,BART_SLR,SOLAR1
BASTEN_CCU,BASTEN,GTG1100
BASTEN_CCU,BASTEN,GTG2100
BASTEN_CCU,BASTEN,ST0100
BATCAVE_RN,BATCAVE,ESR1
BAYC_BESS_RN,BAY_CITY,ESR1
BBREEZE_1_2,BBREEZE,UNIT1
BBREEZE_1_2,BBREEZE,UNIT2
BCATWD_WD_1,BCATWIND,WIND_1
BCH_RN,BCH,UNIT1
BCH_RN,BCH,UNIT2
BCH_RN,BCH,UNIT3
BCH_RN,BCH,UNIT4
BCH_RN,BCH,UNIT5
BCH_RN,BCH,UNIT6
BCH_RN,BCH,UNIT7
BCH_RN,BCH,UNIT8
BCK_RN,BCK,ESR1
BCK_RN,BCK,ESR2
BCK_RN,BCK,UNIT1
BCK_RN,BCK,UNIT2
BCNV2_ES_RN,BCNV2_ES,ESR1
BCNV_RN,BCNV_ESS,ESR1
BELM_SLR_RN,BELM_SLR,UNIT1
BEXAR_ES_RN,BEXAR_ES,ESR1
BIGSAMWD_RN,BIGSAMWD,UNIT1
BIGSAMWD_RN,BIGSAMWD,UNIT2
BIGSTAR_ALL,BIG_STAR,ESR1
BIGSTAR_ALL,BIG_STAR,UNIT1
BIGSTAR_ALL,BIG_STAR,UNIT2
BIRD_ESR1,BIRD_BES,ESR1
BKSL_RN,BKSL_ESS,ESR1
BLACKJAK_RN,BLACKJAK,UNIT1
BLACKJAK_RN,BLACKJAK,UNIT2
BLACKSPR_RN,BLACKSPR,ESR1
BLSMT1_5_A_6,BLSUMIT3,UNIT_17
BLSMT1_5_A_6,BLSUMIT3,UNIT_25
BLSMT1_5_A_6,BLSUMMIT,BLSMT1_5
BLSMT1_5_A_6,BLSUMMIT,BLSMT1_6
BLSMT1_5_A_6,BLSUMMIT,ESR1
BLSMT1_5_A_6,BLSUMMIT,ESR2
BLSMT1_5_A_6,BLSUMMIT,UNIT2_17
BLSMT1_5_A_6,BLSUMMIT,UNIT2_25
BLUEJAY_RN,BLUEJAY,ESR1
BLUEJAY_RN,BLUEJAY,UNIT1
BLUEJAY_RN,BLUEJAY,UNIT2
BLVN_RN,BLVN_SLR,ESR1
BLVN_RN,BLVN_SLR,SOLAR2
BLVN_RN,BLVN_SLR,SOLAR3
BOARDCRK_ALL,BOARDCRK,UNIT1
BOARDCRK_ALL,BOARDCRK,UNIT2
BOCO_ESS_RN,BOCO_ESS,ESR1
BOOTLEG_UN1,BOOTLEG,UNIT1
BORDAS_345,BORDAS,JAVEL18
BORDAS_345,BORDAS,JAVEL20
BORDAS_345,BORDAS2,JAVEL2_A
BORDAS_345,BORDAS2,JAVEL2_B
BORDAS_345,BORDAS2,JAVEL2_C
BOSQ_BSQSU_5,BOSQUESW,BSQSU_5
BOSQ_BSQS_12,BOSQUESW,BSQSU_1
BOSQ_BSQS_12,BOSQUESW,BSQSU_2
BOSQ_BSQS_34,BOSQUESW,BSQSU_3
BOSQ_BSQS_34,BOSQUESW,BSQSU_4
BRAUNIG_VHB1,BRAUNIG,VHB1
BRAUNIG_VHB2,BRAUNIG,VHB2
BRAUNIG_VHB3,BRAUNIG,VHB3
BRAZ_WND_ALL,BRAZ_WND,WND1
BRAZ_WND_ALL,BRAZ_WND,WND2
BRA_AVR1_CT2,BRAUNIG,AVR1_CT2
BRA_AVR_CST1,BRAUNIG,AVR1_CT1
BRA_AVR_CST1,BRAUNIG,AVR1_ST
BRHEIGHT_RN,HEIGHTTN,ESR1
BRIGHTSD_U1,BRIGHTSD,UNIT1
BRISCOE_WIND,BRISCOE,WIND
BRPANGLE_RN,ANGLETON,ESR1
BRPMAGNO_RN,MAGNO_TN,ESR1
BRP_BRAZ_RN,BRAZORIA,ESR1
BRP_DIKN_RN,DICKNSON,ESR1
BRP_LOOP_RN,L_463S,ESR1
BRP_LOP1_RN,LOPENO,ESR1
BRP_PBL1_RN,PUEBLO,ESR1
BRP_PBL2_RN,PUEBLO,ESR2
BRP_RN_UNIT1,K0,ESR1
BRP_SWNY_RN,SWEENY,ESR1
BRP_ZPT1_RN,ZAPATA,ESR1
BRP_ZPT2_RN,ZAPATA,ESR2
BRTSW_BCW1,BRTSW,BCW1
BR_ARROW_ALL,BR_ARROW,ESR1
BR_ARROW_ALL,BR_ARROW,ESR2
BR_ARROW_ALL,BR_ARROW,UNIT1
BR_ARROW_ALL,BR_ARROW,UNIT2
BR_VHB6CT5_6,BRAUNIG,VHB6CT5
BR_VHB6CT5_6,BRAUNIG,VHB6CT6
BR_VHB6CT7_8,BRAUNIG,VHB6CT7
BR_VHB6CT7_8,BRAUNIG,VHB6CT8
BSS_U1,WCOLLOCL,ESR1
BTE_BTE_G1,BTE,BTE_G1
BTE_BTE_G2,BTE,BTE_G2
BTE_BTE_G3,BTE,BTE_G3
BTE_BTE_G4,BTE,BTE_G4
BTM_ALL,BTM,UNIT1
BTM_ALL,BTM,UNIT2
BTM_ALL,BTM,UNIT3
BTM_ALL,BTM,UNIT4
BTM_ALL,BTM,UNIT5
BTM_ALL,BTM,UNIT6
BTM_ALL,BTM,UNIT7
BTM_ALL,BTM,UNIT8
BUCHAN_ALL,BUCHAN,BUCHANG1
BUCHAN_ALL,BUCHAN,BUCHANG2
BUCHAN_ALL,BUCHAN,BUCHANG3
BUCKTHRN_RN,BUCKTHRN,UNIT1
BUCKTHRN_RN,BUCKTHRN,UNIT2
BUDA_RN,BUDA,ESR1
BUFF_GAP_ALL,BUFF_GAP,UNIT1
BUFF_GAP_ALL,BUFF_GAP,UNIT2_1
BUFF_GAP_ALL,BUFF_GAP,UNIT2_2
BUFF_GAP_ALL,BUFF_GAP,UNIT3
BULLCRK_1_2,BULLCRK,WND1
BULLCRK_1_2,BULLCRK,WND2
BUZI_SLR_RN,BUZI_SLR,UNIT1
BUZI_SLR_RN,BUZI_SLR,UNIT2
BUZI_SLR_RN,BUZI_SLR,UNIT3
BUZI_SLR_RN,BUZI_SLR,UNIT4
BVE_UNIT1,BVE,UNIT1
BVE_UNIT2,BVE,UNIT2
BVE_UNIT3,BVE,UNIT3
BYNM_SLR_RN,BYNM_SLR,SOLAR1
BYP_RN,BYP,ESR1
BYRDR_ES_ALL,BYRDR_ES,ESR1
BYU_BYU_1,BYU,BYU_G1
BYU_BYU_12,BYU,BYU_G2
BYU_BYU_34,BYU,BYU_G3
BYU_G4_RN,BYU,BYU_G4
B_DAVIS_3,B_DAVIS,B_DAVIG3
B_DAVIS_4,B_DAVIS,B_DAVIG4
B_D_B_DAVIG1,B_DAVIS,B_DAVIG1
B_D_B_DAVIG2,B_DAVIS,B_DAVIG2
CABEZON_ALL,CABEZON,WIND1
CABEZON_ALL,CABEZON,WIND2
CACH_ESS_RN,CACH_ESS,ESR1
CALAVER_JKS1,CALAVERS,JKS1
CALAVER_JKS2,CALAVERS,JKS2
CALAVER_OWS1,CALAVERS,OWS1
CALAVER_OWS2,CALAVERS,OWS2
CALHOUN_ALL,CALHOUN,UNIT1
CALHOUN_ALL,CALHOUN,UNIT2
CALLAHA_WND1,CALLAHAN,WND1
CAL_CALGT1,CAL,CALGT1
CAL_CALSTG1,CAL,CALSTG1
CAMWIND_RN,CAMWIND,ESR1
CAMWIND_RN,CAMWIND,UNIT1
CANYONWD_ALL,CANYONWD,UNIT1
CANYONWD_ALL,CANYONWD,UNIT2
CANYONWD_ALL,CANYONWD,UNIT3
CANYONWD_ALL,CANYONWD,UNIT4
CANYONWD_ALL,CANYONWD,UNIT5
CANYONWD_ALL,CANYONWD,UNIT6
CAPRIDG4_CR4,CAPRIDG4,BB2_PV1
CAPRIDG4_CR4,CAPRIDG4,BB2_PV2
CAPRIDG4_CR4,CAPRIDG4,BB_PV
CAPRIDG4_CR4,CAPRIDG4,CR4
CAPRIDGE_ALL,CAPRIDGE,CR1
CAPRIDGE_ALL,CAPRIDGE,CR2
CAPRIDGE_ALL,CAPRIDGE,CR3
CARA_ESS_RN,CARA_ESS,ESR1
CARBN_BSP_1,CARBN,BSP_1
CARN_ESS_RN,CARN_ESS,ESR1
CARRIZO_ESR1,CARRIZO,ESR1
CARTWHL_RN,CARTWHL,ESR1
CASL_GAP_UN1,CASL_GAP,ESR1
CASL_GAP_UN1,CASL_GAP,UNIT1
CAST_ESS_RN,CAST_ESS,ESR1
CATARINA_B1,CATARINA,ESR1
CBECII_89,CBECII,CT8
CBECII_89,CBECII,STG9
CBECII_CT7,CBECII,CT7
CBEC_ALL,CBEC,GT1
CBEC_ALL,CBEC,GT11
CBEC_ALL,CBEC,GT12
CBEC_ALL,CBEC,GT2
CBEC_ALL,CBEC,GT3
CBEC_ALL,CBEC,GT4
CBEC_ALL,CBEC,STG1
CBEC_ALL,CBEC,STG2
CBY4_ALL,CBY4,CT41
CBY4_ALL,CBY4,CT42
CBY4_ALL,CBY4,ST04
CBY_CBY_G1,CBY,CBY_G1
CBY_CBY_G2,CBY,CBY_G2
CCEC_GT1,CCEC,GT1
CCEC_GT2,CCEC,GT2
CCEC_ST1,CCEC,ST1
CDRVLE_U1_RN,CEDRVALE,UNIT1
CEDROHI_CHW1,CEDROHIL,CHW1
CEDROHI_CHW1,CEDROHIL,CHW2
CEDRVALE_RN,CEDRVALE,ESR1
CFLATS_UNIT,CFLATS,U1
CFLAT_ES_RN,CFLAT_ES,ESR1
CHALUP_ALL,CHALUPA,UNIT1
CHALUP_ALL,CHALUPA,UNIT2
CHAL_SLR_RN,CHAL_SLR,SOLAR1
CHAMON_UN1,CHAMON,CTG_0101
CHAMON_UN2,CHAMON,CTG_0301
CHEDPW_GT2,CHE,GT2
CHEDPW_GT2,CHE,GT3
CHE_LYD,CHE,CHEGT1
CHE_LYD2,CHE,CHEST1
CHIL_SLR,CHIL_SLR,ESR1
CHIL_SLR,CHIL_SLR,SOLAR1
CHIL_SLR,CHIL_SLR,SOLAR2
CHISMGRD_RN,CHISMGRD,ESR1
CISC_RN,CISC,ESR1
CITRUSCY_RN,CITRUSCY,ESR1
CITYVICT_ALL,CITYVICT,CTG01
CITYVICT_ALL,CITYVICT,CTG02
CLO_RN,CLO,ESR1
CLO_RN,CLO,ESR2
CMPD_SLR_RN,CMPD_SLR,SOLAR1
CMPD_SLR_RN,CMPD_SLR,SOLAR2
CMPD_SLR_RN,CMPD_SLR,SOLAR3
CNLY_ESS_RN,CNLY_ESS,ESR1
CNTRY_RN,CNTRY,ESR1
CNTYRDS_RN,CNTYRDS,ESR1
CN_BRKS_UNT1,CN_BRKS,UNIT_1
COL_COLETOG1,COLETO,COLETOG1
CONIGLIO_RN,CONIGLIO,UNIT1
CONTINEN_RN,CONTINEN,ESR1
CORALSLR_ALL,CORALSLR,ESR1
CORALSLR_ALL,CORALSLR,ESR2
CORALSLR_ALL,CORALSLR,SOLAR1
CORALSLR_ALL,CORALSLR,SOLAR2
CORAZON_RN,CORAZON,ESR1
CORAZON_RN,CORAZON,UNIT1
COTPLNS_RN,COTPLNS,COTTONPL
COTPLNS_RN,COTPLNS,OLDSETLR
COTTON_PAP2,COTTON,PAP2
COTULLA_RN,COTULLA,ESR1
COYANOSA_RN,COYANOSA,UNIT1
COYOTSPR_AGR,COYOTSPR,AGR1
COYOTSPR_RN,COYOTSPR,ESR1
CPSES_UNIT1,CPSES,UNIT1
CPSES_UNIT2,CPSES,UNIT2
CRANELL_ALL,CRANELL,UNIT1
CRAWFISH_RN,CRAWFISH,UNIT1
CROSSETT_ALL,CROSSETT,ESR1
CROSSETT_ALL,CROSSETT,ESR2
CROSSTRL_RN,CROSSTRL,ESR1
CRWN_SLR_UN1,CRWN_SLR,UNIT1
CR_RN,CR,ESR1
CSC_CSECG1_2,CSEC,CSECG1
CSC_CSECG1_2,CSEC,CSECG2
CST1_SLR_RN,CST1_SLR,SOLAR1
CST2_SLR_RN,CST2_SLR,SOLAR1
CST2_SLR_RN,CST2_SLR,SOLAR2
CS_RN,CS,ESR1
CTW_RN,CTW,ESR1
CTW_RN,CTW,SOLAR1
CTW_RN,CTW,SOLAR2
CVC_CVCG1_5,CVC,CVC_G1
CVC_CVCG1_5,CVC,CVC_G5
CVC_CVC_G2,CVC,CVC_G2
CVC_CVC_G3,CVC,CVC_G3
DAG_ALL,DAG,UNIT1
DAG_ALL,DAG,UNIT2
DANSBY_ALL,DANSBY,DANSBYG1
DANSBY_ALL,DANSBY,DANSBYG2
DANSBY_ALL,DANSBY,DANSBYG3
DAN_ALL,DAN,ESR1
DAN_ALL,DAN,ESR2
DAN_ALL,DAN,UNIT1
DAN_ALL,DAN,UNIT2
DAN_ALL,DAN,UNIT3
DA_BESS,DA,ESR1
DA_BESS2,DA,ESR2
DA_BESS2,DA,ESR3
DC2SES_ALL,DCSES,CT10
DC2SES_ALL,DCSES,CT20
DC2SES_ALL,DCSES,CT30
DC2SES_ALL,DCSES,CT40
DC2SES_ALL,DCSES,ESR1
DC2SES_ALL,DCSES,ESR2
DC2SES_ALL,DCSES,ESR3
DC2SES_ALL,DCSES,ESR4
DDPEC_GT1,DDPEC,GT1
DDPEC_GT2,DDPEC,GT2
DDPEC_GT3,DDPEC,GT3
DDPEC_GT4,DDPEC,GT4
DDPEC_GT6,DDPEC,GT6
DDPEC_ST1,DDPEC,ST1
DECKER_GT,DECKER,DPGT_1
DECKER_GT,DECKER,DPGT_2
DECKER_GT,DECKER,DPGT_3
DECKER_GT,DECKER,DPGT_4
DENISON_G1_2,DNDAM,DENISOG1
DENISON_G1_2,DNDAM,DENISOG2
DERMOTT_ALL,COYOTE_W,UNIT1
DERMOTT_ALL,COYOTE_W,UNIT2
DERMOTT_ALL,COYOTE_W,UNIT3
DERMOTT_ALL,DERMOTT,UNIT1
DERMOTT_ALL,DERMOTT,UNIT2
DESN_ESS_RN,DESN_ESS,ESR1
DGFS_ESR_RN,DGFS_ESR,ESR1
DIBOL_RN,DIBOL,ESR1
DIB_DIB_G1,DIB,DIB_G1
DIB_DIB_G2,DIB,DIB_G2
DIB_DIB_G3,DIB,DIB_G3
DIB_DIB_G4,DIB,DIB_G4
DILEOS_UNIT1,DILEOSLR,UNIT1
DIVR_SLR_RN,DIVR_SLR,SOLAR1
DIVR_SLR_RN,DIVR_SLR,SOLAR2
DKNS_ESS_RN,DKNS_ESS,ESR1
DKNS_ESS_RN,DKNS_ESS,ESR2
DKNS_ESS_RN,DKNS_ESS,ESR3
DKNS_ESS_RN,DKNS_ESS,ESR4
DMA_RN,DMA,SOLAR1
DORA_SLR_RN,DORA_SLR,SOLAR1
DORA_SLR_RN,DORA_SLR,SOLAR2
DOW_61_2_63,DOWGEN,DOW_G61
DOW_61_2_63,DOWGEN,DOW_G63
DOW_64,DOWGEN,DOW_ST64
DOW_81_2_84,DOWGEN,DOW_G81
DOW_81_2_84,DOWGEN,DOW_G82
DOW_81_2_84,DOWGEN,DOW_G83
DOW_81_2_84,DOWGEN,DOW_ST84
DOW_G37_G35,DOWGEN,DOW_G37
DOW_G66_ST65,DOWGEN,DOW_G66
DOW_G66_ST65,DOWGEN,DOW_ST65
DOW_G67,DOWGEN,DOW_G67
DOW_G96_ST95,DOWGEN,DOW_GT96
DOW_G96_ST95,DOWGEN,DOW_ST95
DRAK_ESS_RN,DRAK_ESS,ESR1
DRAK_ESS_RN,DRAK_ESS,ESR2
DRCK_SLR_RN,DRCK_SLR,SOLAR1
DRYFRIO_RN,SUN_SLR,UNIT_1
DSWL_BES1,DSWL_ESS,ESR1
DUKE_GST1CCU,DUKE,DUKE_GT1
DUKE_GST1CCU,DUKE,DUKE_ST1
DUKE_GT2_CCU,DUKE,DUKE_GT2
EBELLS_UNIT1,EBELLSL2,UNIT1
EBELLS_UNIT1,EBELLSLR,UNIT1
EBNY_ESS_RN,EBNY_ESS,ESR1
ECLIPSE_UN1,ECLIPSE,UNIT1
EIFSLR_UNIT1,EIFSLR,UNIT1
ELB_ELBCREEK,ELB,ELBCREEK
ELECTRAW_1_2,DIGBY,UNIT1
ELECTRAW_1_2,DIGBY,UNIT2
ELECTRAW_1_2,LOCKETT,UNIT1
ELMCRK_RN,ELMCRK,ESR1
ELM_ST_RN,ELM_ST,ESR1
ELM_ST_RN2,ELM_ST,ESR2
ELSAUZ_ALL,ELSAUZ,UNIT1
ELSAUZ_ALL,ELSAUZ,UNIT2
ELSA_ESR_RN,ELSA,ESR1
ELS_RN_1,ELLISSLR,UNIT1
ELZA_SLR_RN,ELZA_SLR,ESR1
ELZA_SLR_RN,ELZA_SLR,SOLAR1
EL_RAYO_ALL,EL_RAYO,UNIT1
EL_RAYO_ALL,EL_RAYO,UNIT2
EMPCT_RN,EMPCT,ESR1
ENDPARK_ESS1,ENDPARKS,ESR1
ERKA_SLR_RN,ERKA_SLR,UNIT1
ERSL_RN,ELARA_SL,UNIT1
ESCONDID_ESR,ESCONDID,ESR1
ESTONIAN_ALL,ESTONIAN,ESR1
ESTONIAN_ALL,ESTONIAN,SOLAR1
ESTONIAN_ALL,ESTONIAN,SOLAR2
ETCCS_CCU,ETCCS,CT1
ETCCS_CCU,ETCCS,UNIT1
EUNICE_ALL,EUNICE,ESR1
EUNICE_ALL,EUNICE,PV1
EUNICE_ALL,EUNICE,PV2
EVLN_ESS_RN,EVLN_ESS,ESR1
EXGNSND_RN,EXGNSND,WIND_1
EXGNWTL_1,EXGNWTL,WIND_1
EXN_14,EXN,EXN_G14
EXN_1_3,EXN,EXN_G1
EXN_1_3,EXN,EXN_G2
EXN_1_3,EXN,EXN_G3
EXN_4,EXN,EXN_G4
EXN_8,EXN,EXN_G15
EXN_8,EXN,EXN_G8
EXN_9_13,EXN,EXN_G10
EXN_9_13,EXN,EXN_G11
EXN_9_13,EXN,EXN_G12
EXN_9_13,EXN,EXN_G13
EXN_9_13,EXN,EXN_G9
E_BLACK_RN,E_BLACK,UNIT_1
E_HARRIS_RN,E_HARRIS,ESR1
FAGUSSLR_RN,FAGUSSLR,UNIT2
FAGUSSLR_RN,FAGUSSLR,UNIT3
FALFUR_RN,FALFUR,ESR1
FALFUR_RN2,FALFUR,ESR2
FAL_FALCONG1,FALCON,FALCONG1
FAL_FALCONG2,FALCON,FALCONG2
FAL_FALCONG3,FALCON,FALCONG3
FAULKNER_RN,FAULKNER,ESR1
FEGC_RN,FEGC,CTG2
FEGC_RN,FEGC,CTG3
FEGC_RN,FEGC,CTG4
FEGC_RN,FEGC,UNIT1
FENCESLR_ALL,FENCESLR,ESR1
FENCESLR_ALL,FENCESLR,SOLAR1
FENCESLR_ALL,FENCESLR,SOLAR2
FERD_ESS_RN,FERD_ESS,ESR1
FERGCC_GT1_1,FERGCC,FERGGT1
FERGCC_GT2_3,FERGCC,FERGGT2
FERGCC_ST1_5,FERGCC,FERGST1
FERMI_ALL,FERMI,WIND1
FERMI_ALL,FERMI,WIND2
FILESSLR_PV1,FILESSLR,PV1
FIVEWSLR_ALL,FIVEWSLR,ESR1
FIVEWSLR_ALL,FIVEWSLR,UNIT1
FIVEWSLR_ALL,FIVEWSLR,UNIT2
FLCNS_UNIT1,FLCNS,UNIT1
FLCNS_UNIT2,FLCNS,UNIT2
FLOWERII_RN,FLOWERII,ESR1
FLTBES1,FLAT_TOP,ESR1
FLTCK_SSI,FLTCK,SSI
FLUVANNA_1_2,FLUVANNA,UNIT1
FLUVANNA_1_2,FLUVANNA,UNIT2
FLUVANNA_1_2,GOPHER,UNIT1
FLUVANNA_1_2,GOPHER,UNIT2
FLVABES1_ESR,FLAT_TOP,ESR2
FOARDCTY_ALL,FOARDCTY,UNIT1
FOARDCTY_ALL,FOARDCTY,UNIT2
FORTMA_RN,FORTMA,ESR1
FOXTROT_ALL,FOXTROT,UNIT1
FOXTROT_ALL,FOXTROT,UNIT2
FOXTROT_ALL,FOXTROT,UNIT3
FO_FORMOSA11,FORMOSA,FORMOSG11
FO_FORMOSA12,FORMOSA,FORMOSG12
FO_FORMOSG1,FORMOSA,FORMOSG1
FO_FORMOSG10,FORMOSA,FORMOSG10
FO_FORMOSG13,FORMOSA,FORMOSG13
FO_FORMOSG14,FORMOSA,FORMOSG14
FO_FORMOSG15,FORMOSA,FORMOSG15
FO_FORMOSG2,FORMOSA,FORMOSG2
FO_FORMOSG3,FORMOSA,FORMOSG3
FO_FORMOSG4,FORMOSA,FORMOSG4
FO_FORMOSG5,FORMOSA,FORMOSG5
FO_FORMOSG6,FORMOSA,FORMOSG6
FO_FORMOSG7,FORMOSA,FORMOSG7
FO_FORMOSG8,FORMOSA,FORMOSG8
FO_FORMOSG9,FORMOSA,FORMOSG9
FPPYD_FPP_G1,FPPYD1,FPP_G1
FPPYD_FPP_G2,FPPYD1,FPP_G2
FPPYD_FPP_G3,FPPYD2,FPP_G3
FREC_1_CCU,FREC,GT1
FREC_1_CCU,FREC,GT2
FREC_1_CCU,FREC,ST3
FREC_2_CCU,FREC,GT4
FREC_2_CCU,FREC,GT5
FREC_2_CCU,FREC,ST6
FRMRSVLW_RN,FRMRSVLW,ESR1
FRMR_BS2_RN1,FRMRSVLW,ESR2
FRNYPP_1_CCU,FRNYPP,GT11
FRNYPP_1_CCU,FRNYPP,GT12
FRNYPP_1_CCU,FRNYPP,GT13
FRNYPP_1_CCU,FRNYPP,ST10
FRNYPP_2_CCU,FRNYPP,GT21
FRNYPP_2_CCU,FRNYPP,GT22
FRNYPP_2_CCU,FRNYPP,GT23
FRNYPP_2_CCU,FRNYPP,ST20
FRONT_EC_RN1,FRONT_EC,ST
FRONT_EC_RN2,FRONT_EC,CT1
FRONT_EC_RN3,FRONT_EC,CT2
FRYE_SLR_ALL,FRYE_SLR,UNIT1
FRYE_SLR_ALL,FRYE_SLR,UNIT2
FTDUNCAN_RN,FTDUNCAN,ESR1
FTR_FTR_G1_4,FTR,FTR_G1
FTR_FTR_G1_4,FTR,FTR_G2
FTR_FTR_G1_4,FTR,FTR_G3
FTR_FTR_G1_4,FTR,FTR_G4
FTWIND_UNIT1,FTWIND,UNIT_1
FWLR_SLR_1,FWLR_SLR,UNIT1
GAIA_SLR_RN,GAIA_SLR,ESR1
GAIA_SLR_RN,GAIA_SLR,SOLAR1
GALO_RN1,GALLOWAY,SOLAR1
GALO_RN1,GALLOWAY,SOLAR2
GAMBIT_RN,GAMBIT,ESR1
GARC_BESS_RN,GARCENO,ESR1
GBY_GT,GBY,GBYGT73
GBY_GT,GBY,GBYGT74
GBY_GT,GBY,GBYGT81
GBY_GT,GBY,GBYGT82
GBY_GT,GBY,GBYGT83
GBY_GT,GBY,GBYGT84
GID_GIDEONG1,GIDEON,GIDEONG1
GID_GIDEONG2,GIDEON,GIDEONG2
GID_GIDEONG3,GIDEON,GIDEONG3
GIGA_ESS_RN,GIGA_ESS,ESR1
GKS_BESS_RN,GKS_BESS,ESR1
GOA_GOATWIND,GOAT,GOATWIN2
GOA_GOATWIND,GOAT,GOATWIND
GODY_SLR_RN,GODY_SLR,ESR1
GODY_SLR_RN,GODY_SLR,SOLAR1
GODY_SLR_RN,GODY_SLR,SOLAR2
GOLINDA_UN1,GOLINDA,UNIT1
GOMZ_RN,GOMZ,ESR1
GOODNIT1_ALL,GOODNIT1,UNIT1
GOODNIT1_ALL,GOODNIT1,UNIT2
GOODWIN_ESR,GOODWIN,ESR1
GPASTURE_ALL,GPASTURE,WIND_I
GRANDVW1_A_B,GRANDVW1,COLA
GRANDVW1_A_B,GRANDVW1,COLB
GRANDVW1_A_B,GRANDVW1,GV1A
GRANDVW1_A_B,GRANDVW1,GV1B
GRAN_SLR_RN,GRAN_SLR,UNIT1
GRDNE_ESR_RN,GRDNE,ESR1
GREASWOD_ALL,GREASWOD,UNIT1
GREASWOD_ALL,GREASWOD,UNIT2
GREGORY_RN,GREGORY,ESR1
GRIF_TRL_RN,GRIF_TRL,UNIT1
GRIF_TRL_RN,GRIF_TRL,UNIT2
GRIM_SLR_RN,GRIM_SLR,UNIT1
GRIM_SLR_RN,GRIM_SLR,UNIT2
GRIM_SLR_RN,GRIM_SLR,UNIT3
GRSES_UNIT1,GRSES,UNIT1
GRSES_UNIT2,GRSES,UNIT2
GRYH_SLR_RN,GRYH_SLR,SOLAR1
GRYH_SLR_RN,GRYH_SLR,SOLAR2
GRYH_SLR_RN,GRYH_SLR,SOLAR3
GRYH_SLR_RN,GRYH_SLR,SOLAR4
GRYH_SLR_RN,GRYH_SLR,SOLAR5
GRYH_SLR_RN,GRYH_SLR,SOLAR6
GRYH_SLR_RN,GRYH_SLR,SOLAR7
GRYH_SLR_RN,GRYH_SLR,SOLAR8
GUADG_CCU1,GUADG,GAS1
GUADG_CCU1,GUADG,GAS2
GUADG_CCU1,GUADG,STM5
GUADG_CCU2,GUADG,GAS3
GUADG_CCU2,GUADG,GAS4
GUADG_CCU2,GUADG,STM6
GUNMTN_NODE,GUNMTN,G1
GWEC_G1,GWEC,GWEC_G1
GZ_RN,GZ,ESR1
GZ_RN,GZ,ESR2
HALO_RN1,HALO_SLR,UNIT1
HAMI_BESS_RN,HAMILTON,ESR1
HARLIN_1_RN,HARLIN_1,ESR1
HART_WND_RN,HART_WND,UNIT1
HAYSEN1_2,HAYSEN,HAYSENG1
HAYSEN1_2,HAYSEN,HAYSENG2
HAYSEN3_4,HAYSEN,HAYSENG3
HAYSEN3_4,HAYSEN,HAYSENG4
HEADCAMP_RN,HEADCAMP,ESR1
HEARN_RD_RN,HEARN_RD,ESR1
HELIOS_RN,HELIOS,UNIT1
HEN_RN,HEN,ESR1
HEN_RN,HEN,ESR2
HHGT_KENDAL,HHGT,CALLAHAN
HHGT_KENDAL,HHGT,HHOLLOW1
HHGT_KENDAL,HHGT,HHOLLOW2
HHGT_KENDAL,HHGT,HHOLLOW3
HHGT_KENDAL,HHGT,HHOLLOW4
HHOLLW2_WND1,HHOLLOW2,WIND1
HHOLLW3_WND1,HHOLLOW3,WND_1
HHOLLW4_WND1,HHOLLOW4,WND1
HICK_G1_G2,HICKMAN,G1
HICK_G1_G2,HICKMAN,G2
HICK_G1_G2,OVEJA,G1
HICK_G1_G2,OVEJA,G2
HI_LONEB_RN1,HI_LONEB,ESR1
HI_LONE_ALL,HI_LONE,WGR1A
HI_LONE_ALL,HI_LONE,WGR1B
HI_LONE_ALL,HI_LONE,WGR1C
HI_LONE_ALL,HI_LONE,WGR2
HI_LONE_ALL,HI_LONE,WGR2A
HI_LONE_ALL,HI_LONE,WGR3
HI_LONE_ALL,HI_LONE,WGR4
HKSN_SLR_ALL,HKSN_SLR,UNIT1
HKSN_SLR_ALL,HKSN_SLR,UNIT2
HKSN_SLR_ALL,HKSN_SLR,UNIT3
HLSES_UNIT3,HLSES,UNIT3
HLSES_UNIT4,HLSES,UNIT4
HLSES_UNIT5,HLSES,UNIT5
HLY_RN,HLY,ESR1
HLY_RN,HLY,ESR2
HMNG_ESS_RN,HMNG_ESS,ESR1
HNY_COMB_RN,HNY_COMB,ESR1
HNY_COMB_RN,HNY_COMB,SOLAR1
HOLCOMB_RN1,HOLCOMB,ESR1
HOLSTEIN_ALL,HOLSTEIN,SOLAR1
HOLSTEIN_ALL,HOLSTEIN,SOLAR2
HOL_ALL,HOL,UNIT1
HOL_ALL,HOL,UNIT2
HOPKNSLR_ALL,HOPKNSLR,UNIT1
HOPKNSLR_ALL,HOPKNSLR,UNIT2
HORSCR_RN,EGROVESL,UNIT1
HORSECRK_RN,HORSECRK,UNIT1
HORSECRK_RN,HORSECRK,UNIT2
HOUSEMTN_RN,HOUSEMTN,ESR1
HOVEY_GEN,HOVEY,UNIT1
HOVEY_GEN,HOVEY,UNIT2
HRFDWIND_ALL,HRFDWIND,JRDWIND1
HRFDWIND_ALL,HRFDWIND,JRDWIND2
HRFDWIND_ALL,HRFDWIND,WIND_G
HRFDWIND_ALL,HRFDWIND,WIND_V
HRMS_SLR_RN,HRMS_SLR,ESR1
HRMS_SLR_RN,HRMS_SLR,UNIT1
HRNT_SLR_RN,HRNT_SLR,UNIT1
HRNT_SLR_RN,HRNT_SLR,UNIT2
HRNT_SLR_RN,HRNT_SLR,UNIT3
HRZN_SLR_UN1,HRZN_SLR,UNIT1
HV_BESS1_RN,HV,ESR1
HWF_HWFG1,HWF,HWFG1
HWY6_RN,HWY6,ESR1
HYDR_ESS_RN,HYDR_ESS,ESR1
H_HOLLO_WND1,H_HOLLOW,WND1
IMP_RN1,IMPACT,UNIT1
INDNENR_1_RN,DSKYWND1,UNIT_1A
INDNENR_1_RN,DSKYWND1,UNIT_1B
INDNENR_2_RN,DSKYWND2,UNIT_2A
INDNENR_2_RN,DSKYWND2,UNIT_2B
INDNNWP_RN,INDNNWP,INDNNWP2
IND_INADALE1,INDL,ESR1
IND_INADALE1,INDL,INADALE1
IND_INADALE1,INDL,INADALE2
INGLCOSW_STG,INGLCOSW,STG
INGLCOS_CTG1,INGLCOSW,CTG1
INGLCOS_CTG2,INGLCOSW,CTG2
INKS_INKS_G1,INKSDA,INKS_G1
INRT_W_ALL,INRT_W,ESR1
INRT_W_ALL,INRT_W,UNIT1
INRT_W_ALL,INRT_W,UNIT2
INRT_W_ALL,INRT_W,UNIT3
JACKCNTY_CT1,JACKCNTY,CT1
JACKCNTY_CT2,JACKCNTY,CT2
JACKCNTY_STG,JACKCNTY,STG
JADE_SLR_ALL,JADE_SLR,ESR1
JADE_SLR_ALL,JADE_SLR,ESR2
JADE_SLR_ALL,JADE_SLR,UNIT1
JADE_SLR_ALL,JADE_SLR,UNIT2
JAD_RN,JAD,UNIT1
JAD_RN,JAD,UNIT2
JAD_RN,JAD,UNIT3
JAD_RN,JAD,UNIT4
JAD_RN,JAD,UNIT5
JAD_RN,JAD,UNIT6
JAD_RN,JAD,UNIT7
JAD_RN,JAD,UNIT8
JAG_SLR_RN,JAG_SLR,ESR1
JAG_SLR_RN,JAG_SLR,ESR2
JAR_RN,JAR,ESR1
JAR_RN,JAR,ESR2
JAY_RN_1,JAY,UNIT1
JAY_RN_1,JAY,UNIT2
JCKCNTY2_CT3,JCKCNTY2,CT3
JCKCNTY2_CT4,JCKCNTY2,CT4
JCKCNTY2_ST2,JCKCNTY2,ST2
JC_BAT_RN,JOHNCI,ESR1
JDKNS_RN,JDKNS,ESR1
JKLP_SLR_RN,JKLP_SLR,PV1
JKLP_SLR_RN,JKLP_SLR,PV2
JUNCTION_RN,JUNCTION,ESR1
JUNG_SLR_RN,JUNG_SLR,UNIT1
JUNORTH_RN,JUNORTH,ESR1
JUNO_ALL,JUNO,UNIT1
JUNO_ALL,JUNO,UNIT2
K2_DGR1_RN,K2,DGR1
K2_DGR2_RN,K2,DGR2
KARAKAW1_1,KARAKAW1,UNIT1
KARAKAW1_1,KARAKAW1,UNIT2
KARAKAW2_1,KARAKAW2,UNIT3
KEECHI_U1,KEECHI,U1
KEG_RN,KEG,ESR1
KELAMSL_U1,KELAM_SL,UNIT1
KEO_KEO_SM1,KEO,SHRBINO2
KINGE_ALL,KING_NE,KINGNE
KINGE_ALL,KING_SE,KINGSE
KINGW_ALL,KING_NW,KINGNW
KINGW_ALL,KING_SW,KINGSW
KNAPP_RN,KNAPP,ESR1
LACASAWD_RN,LACASAWD,UNIT1
LACASAWD_RN,LACASAWD,UNIT2
LACASAWD_RN,LACASAWD,UNIT3
LACY_CRK_ALL,LACY_CRK,UNIT1
LACY_CRK_ALL,LACY_CRK,UNIT2
LACY_CRK_ALL,LACY_CRK,UNIT3
LACY_CRK_ALL,LACY_CRK,UNIT4
LAMESASLR_G,LMESASLR,IVORY
LAMESASLR_G,LMESASLR,UNIT1
LANTANA_RN,LANTANA,ESR1
LAPETUS_U1,LAPETUS,UNIT_1
LARDVFTN_G4,LARDVFTN,G4
LARDVFTN_G5,LARDVFTN,G5
LASSO_GEN,LASSO,UNIT1
LAUR_BESS_RN,LAURELES,ESR1
LBRA_BES1,LBRA_ESS,ESR1
LEG_LEG_G1,LEG,LEG_G1
LEG_LEG_G2,LEG,LEG_G2
LEONLCPCT1_2,LEON_CRK,LCPCT1
LEONLCPCT1_2,LEON_CRK,LCPCT2
LEONLCPCT3_4,LEON_CRK,LCPCT3
LEONLCPCT3_4,LEON_CRK,LCPCT4
LEON_SLR_RN,LEON_SLR,UNIT1
LEON_SLR_RN,LEON_SLR,UNIT2
LFSTH_RN,LFSTH,ESR1
LGDRAW_S_ALL,LGDRAW_S,UNIT1_1
LGDRAW_S_ALL,LGDRAW_S,UNIT1_2
LGD_LANGFORD,LGD,LANGFORD
LGE_LGE_GT1,LGE,LGE_GT1
LGE_LGE_GT2,LGE,LGE_GT2
LGE_LGE_STG,LGE,LGE_STG
LGW_UNIT_ALL,LGW,UNIT1
LGW_UNIT_ALL,LGW,UNIT2
LHM_CVC_G4,LHM,CVC_G4
LHORN_N_U1_2,LHORN_N,UNIT1
LHORN_N_U1_2,LHORN_N,UNIT2
LHSES_UNIT1,LHSES,UNIT1
LHSES_UNIT2,LHSES,UNIT2A
LIGSW_RN,LIGSW,ESR1
LIG_RN,LIG,UNIT1
LIG_RN,LIG,UNIT2
LILY_RN,LILY,ESR1
LILY_RN,LILY,SOLAR1
LK_RN,LK,ESR1
LMAJADAS_ALL,LMAJADAS,UNIT1
LMAJADAS_ALL,LMAJADAS,UNIT2
LMAJADAS_ALL,LMAJADAS,UNIT3
LMO_ESR_RN,LMO,ESR1
LMWD_SLR_RN,LMWD_SLR,SOLAR1
LNCRK_ALL,LNCRK,G83
LNCRK_ALL,LNCRK2,G871
LNCRK_ALL,LNCRK2,G872
LONESTAR_RN,LONESTAR,ESR1
LONEWOLF_ALL,LONEWOLF,G1
LONEWOLF_ALL,LONEWOLF,G2
LONEWOLF_ALL,LONEWOLF,G3
LONEWOLF_ALL,LONEWOLF,G4
LON_RN1,LON,ESR1
LON_RN1,LON,SOLAR1
LOS_LOSTPGT1,LOSTPI,LOSTPGT1
LOS_LOSTPGT2,LOSTPI,LOSTPGT2
LOS_LOSTPST1,LOSTPI,LOSTPST1
LOWR_ESS_RN,LOWR_ESS,ESR1
LPCCS_CT11,LPCCS,CT11
LPCCS_CT12,LPCCS,CT12
LPCCS_CT21,LPCCS,CT21
LPCCS_CT22,LPCCS,CT22
LPCCS_UNIT1,LPCCS,UNIT1
LPCCS_UNIT2,LPCCS,UNIT2
LUCKYBLU_RN,LUCKYBLU,ESR1
LV1A_LV1B,LV1,LV1A
LV1A_LV1B,LV2,LV2
LV3_RN,LV3,UNIT_1
LV4_UNIT_1,LV4,UNIT_1
LV5_UNIT1,LV5,UNIT_1
LYNX_ESS_RN,LYNX_ESS,ESR1
LYSSY_RN,LYSSY,ESR1
L_FRE_ESR_RN,L_FRESNO,ESR1
MADERO_RN,MADERO,ESR1
MADERO_RN,MADERO,ESR2
MAG_RN,MAG,UNIT1
MAG_RN,MAG,UNIT2
MAINLAND_RN,MAINLAND,ESR1
MAND_SLR_RN,MAND_SLR,UNIT1
MARBFA,MARBFA,MARBFAG1
MARBFA,MARBFA,MARBFAG2
MARIAH_ALL,MARIAH,NORTE1
MARIAH_ALL,MARIAH,NORTE2
MAR_MARSFOG1,MARSFO,MARSFOG1
MAR_MARSFOG2,MARSFO,MARSFOG2
MAR_MARSFOG3,MARSFO,MARSFOG3
MAVCRK_W_ALL,MAVCRK_E,UNIT5
MAVCRK_W_ALL,MAVCRK_E,UNIT6
MAVCRK_W_ALL,MAVCRK_E,UNIT7
MAVCRK_W_ALL,MAVCRK_E,UNIT8
MAVCRK_W_ALL,MAVCRK_E,UNIT9
MAVCRK_W_ALL,MAVCRK_W,UNIT1
MAVCRK_W_ALL,MAVCRK_W,UNIT2
MAVCRK_W_ALL,MAVCRK_W,UNIT3
MAVCRK_W_ALL,MAVCRK_W,UNIT4
MCDLD_FCSBW1,MCDLD,FCW1
MCDLD_FCSBW1,MCDLD,SB1_2
MCDLD_FCSBW1,MCDLD,SB3_282
MCDLD_FCSBW1,MCDLD,SB4_G87
MCLNSLR_RN,MCLNSLR,UNIT1
MCSES_UNIT6,MCSES,UNIT6
MCSES_UNIT7,MCSES,UNIT7
MCSES_UNIT8,MCSES,UNIT8
MDANP_CT1_2,MDANP,CT1
MDANP_CT1_2,MDANP,CT2
MDANP_CT3_4,MDANP,CT3
MDANP_CT3_4,MDANP,CT4
MDANP_CT5_6,MDANP,CT5
MDANP_CT5_6,MDANP,CT6
MDWPK_RN,MDWPK,ESR1
MEDILA_RN,MEDILA,ESR1
MERCURY_ALL,MERCURY,PV1
MERCURY_ALL,MERCURY,PV2
MESQCRK_ALL,MESQCRK,WND1
MESQCRK_ALL,MESQCRK,WND2
MESQUITE_RN,MESQUITE,ESR1
MESQUITE_RN2,MESQUITE,ESR2
MESTENO_RN,MESTENO,UNIT_1
MGSES_CT123,MGSES,CT1
MGSES_CT123,MGSES,CT2
MGSES_CT123,MGSES,CT3
MGSES_CT456,MGSES,CT4
MGSES_CT456,MGSES,CT5
MGSES_CT456,MGSES,CT6
MIAM1_G1_G2,MIAM1,G1
MIAM1_G1_G2,MIAM1,G2
MIDP_SLR_RN,MIDP_SLR,ESR1
MIDP_SLR_RN,MIDP_SLR,SOLAR1
MIDWY_RN,MIDWY,ESR1
MILTON_RN,MILTON,ESR1
MIL_MILG1_2,MIL,MILLERG1
MIL_MILG1_2,MIL,MILLERG2
MIL_MILG345,MIL,MILLERG3
MIL_MILG345,MIL,MILLERG4
MIL_MILG345,MIL,MILLERG5
MIRAGE_G1,MIRAGE,GEN_0001
MIRASOLE_GEN,MIRASOLE,MIR11
MIRASOLE_GEN,MIRASOLE,MIR12
MIRASOLE_GEN,MIRASOLE,MIR13
MIRASOLE_GEN,MIRASOLE,MIR21
MISAE_GEN_RN,MISAE,UNIT1
MISAE_GEN_RN,MISAE,UNIT2
MLB_SLR_RN,MLB_SLR,SOLAR1
MLB_SLR_RN,MLB_SLR,SOLAR2
MLB_SLR_RN,MLB_SLR,SOLAR3
MLSES_UNIT1,MLSES,UNIT1
MLSES_UNIT2,MLSES,UNIT2
MLSES_UNIT3,MLSES,UNIT3
MNWL_BESS_RN,MNWLE,ESR1
MONTECR1_RN,MONTECR1,WIND1
MONT_WND_RN,MONT_WND,UNIT1
MONT_WND_RN,MONT_WND,UNIT2
MOORE_FL_RN,MOORE_FL,ESR1
MOZART_WIND1,MOZART,WIND_1
MRKM_SLR_RN,MRKM_SLR,PV1
MROW_SLR_RN,MROW_SLR,SOLAR1
MUENSTER_RN,MUENSTER,ESR1
MUSTNGCK_ALL,MUSTNGCK,ESR1
MUSTNGCK_ALL,MUSTNGCK,SOLAR1
MUSTNGCK_ALL,MUSTNGCK,SOLAR2
MU_RN,MU,ESR1
MV_VALV4_RN,MV_VALV4,ESR1
MWEC_G1,MWEC,G1
MYRY_BES2_RN,MAYBERRY,ESR2
MYRY_ESR_RN,MAYBERRY,ESR1
MYR_ALL,MYR,ESR1
MYR_ALL,MYR,ESR2
MYR_ALL,MYR,UNIT1
MYR_ALL,MYR,UNIT2
NACPW_UNIT1,NACPW,UNIT1
NBOHR_RN,HARALD,UNIT1
NBOHR_RN,NBOHR,UNIT1
NCARBIDEG8,NCARBIDE,NCARBIG8
NCARBIDE_1_7,NCARBIDE,NCARBIG1
NCARBIDE_1_7,NCARBIDE,NCARBIG2
NCARBIDE_1_7,NCARBIDE,NCARBIG3
NCARBIDE_1_7,NCARBIDE,NCARBIG5
NCARBIDE_1_7,NCARBIDE,NCARBIG6
NCARBIDE_1_7,NCARBIDE,NCARBIG7
NCO_RN,NCO,ESR1
NEBULA_RN,NEBULA,UNIT1
NEDIN_RN,NEDIN,ESR1
NED_NEDIN_G1,NEDIN,NEDIN_G1
NED_NEDIN_G2,NEDIN,NEDIN_G2
NED_NEDIN_G3,NEDIN,NEDIN_G3
NF_BRP_RN,NF_BRP,ESR1
NHKY_SLR_RN,NHKY_SLR,UNIT1
NHKY_SLR_RN,NHKY_SLR,UNIT2
NOBLESLR_ALL,NOBLESLR,ESR1
NOBLESLR_ALL,NOBLESLR,ESR2
NOBLESLR_ALL,NOBLESLR,SOLAR1
NOBLESLR_ALL,NOBLESLR,SOLAR2
NOVA1SLR_ALL,NOVA1SLR,UNIT1
NOVA1SLR_ALL,NOVA1SLR,UNIT2
NOVA2S_UNIT1,NOVA2SLR,UNIT1
NRTN_SLR_RN,NRTN_SLR,SOLAR1
NUE_NUECESG7,NUECES_B,NUECESG7
NUE_NUECESG8,NUECES_B,NUECESG8
NUE_NUECESG9,NUECES_B,NUECESG9
NWF_NWF1,NWF,ESR1
NWF_NWF1,NWF,NWF1
NWF_NWF1,NWF,NWF2
N_AL_BESS_RN,N_ALAMO,ESR1
N_MRD_ESR_RN,N_MERCED,ESR1
OBERON_U1,OBERON,UNIT_1
ODESW_RN,ODESW,ESR1
OECCS_1,OECCS,CT11
OECCS_1,OECCS,CT12
OECCS_1,OECCS,UNIT1
OECCS_2,OECCS,CT21
OECCS_2,OECCS,CT22
OECCS_2,OECCS,UNIT2
OGSES_1,OGSES,UNIT1A
OGSES_2,OGSES,UNIT2
OGS_SLR_RN,OGS_SLR,UNIT1
OLIN_OLING_1,OLINGR,OLING_1
OLIN_OLING_2,OLINGR,OLING_2
OLIN_OLING_3,OLINGR,OLING_3
OLIN_OLING_4,OLINGR,OLING_4
OLMITO_RN,OLMITO,ESR1
OLNEYTN_AGR1,OLNEYTN,AGR1
OLNEYTN_RN,OLNEYTN,ESR1
ORIANA_RN,ORIANA,UNIT1
OR_BESS_RN,OR,ESR1
OUTP_SLR_RN,OUTP_SLR,UNIT1
OUTP_SLR_RN,OUTP_SLR,UNIT2
OWF_OWF,OWF,OWF
OXY_OXY_CCG1,OXY_CC,OXY_CCG1
P2_DGR1_RN,P2,DGR1
P2_DGR2_RN,P2,DGR2
PAD1_ESS_RN,PAD1_ESS,ESR1
PAD2_ESS_RN,PAD2_ESS,ESR2
PALACIOS_RN,PALACIOS,ESR1
PALE_ESS_EN,PALE_ESS,ESR1
PALMVIEW_RN,PALMVIEW,ESR1
PALMWI_UNIT1,PALMWIND,UNIT1
PANDA_S_CT1,PANDA_S,SHER1CT1
PANDA_S_CT2,PANDA_S,SHER1CT2
PANDA_S_ST1,PANDA_S,SHER1ST1
PANDA_T1_CT1,PANDA_T1,TMPL1CT1
PANDA_T1_CT2,PANDA_T1,TMPL1CT2
PANDA_T1_ST1,PANDA_T1,TMPL1ST1
PANDA_T2_CT1,PANDA_T2,TMPL2CT1
PANDA_T2_CT2,PANDA_T2,TMPL2CT2
PANDA_T2_ST1,PANDA_T2,TMPL2ST1
PAP1_PAP1,PAP1,PAP1
PAR_RN,PAR,UNIT1
PAR_RN,PAR,UNIT2
PAULN_RN,PAULN,ESR1
PAVLOV_BT_RN,PAVLOV,ESR1
PAVO_ESS_ALL,PAVO_ESS,ESR1
PAVO_ESS_ALL,PAVO_ESS,ESR2
PB2SES_CT1,PB2SES,CT1
PB2SES_CT2,PB2SES,CT2
PB2SES_CT3,PB2SES,CT3
PB2SES_CT4,PB2SES,CT4
PB2SES_CT5,PB2SES,CT5
PCT_RN,PCT,UNIT1
PC_NORTH_1,PC_NORTH,PANTHER1
PC_SOUTH_ALL,PC_SOUTH,PANTH31
PC_SOUTH_ALL,PC_SOUTH,PANTH32
PC_SOUTH_ALL,PC_SOUTH,PANTHER2
PEARSALL_RN,PEARSALL,ESR1
PEARSA_1_24,PEARSAL2,AGR_A
PEARSA_1_24,PEARSAL2,AGR_B
PEARSA_1_24,PEARSAL2,AGR_C
PEARSA_1_24,PEARSAL2,AGR_D
PENA_ALL,PENA,UNIT1
PENA_ALL,PENA,UNIT2
PENA_ALL,PENA3,UNIT3
PERE_SLR_RN,PERE_SLR,UNIT1
PERE_SLR_RN,PERE_SLR,UNIT2
PEY_RN,PEY,UNIT1
PH1_UNIT1_2,PH1,UNIT1
PH1_UNIT1_2,PH1,UNIT2
PH2_U1_U2,PH2,UNIT1
PH2_U1_U2,PH2,UNIT2
PHILLWND_ALL,PHILLWND,UNIT1
PHILLWND_ALL,PHILLWND,UNIT2
PHOEBE_ALL,PHOEBE,UNIT1
PHOEBE_ALL,PHOEBE,UNIT2
PHOENIX_RN,PHOENIX,UNIT1
PHO_ALL,PHO,ESR1
PHO_ALL,PHO,ESR2
PHO_ALL,PHO,SOLAR1
PHO_ALL,PHO,SOLAR2
PHO_ALL,PHO,SOLAR3
PHO_ALL,PHO,SOLAR4
PINEFRST_RN,PINEFRST,ESR1
PINEFRST_RN,PINEFRST,UNIT1
PINEFRST_RN,PINEFRST,UNIT2
PINN_SLR_RN,PINN_SLR,UNIT1
PINN_SLR_RN,PINN_SLR,UNIT2
PINN_SLR_RN,PINN_SLR,UNIT3
PIN_BESS_RN,PIN_BESS,ESR1
PIONR_DJ_RN,PIONR_DJ,UNIT1
PIONR_DJ_RN,PIONR_DJ,UNIT2
PIRATE_RN,PIRATE,ESR1
PISG_RN_ALL,PISGAH,SOLAR1
PISG_RN_ALL,PISGAH,SOLAR2
PITSDD_UNIT1,PITTSDDK,UNIT1
PITSDD_UNIT1,PITTSDK2,UNIT1
PLATINUM_RN,PLATINUM,ESR1
PLATINUM_RN,PLATINUM,ESR2
PLN_ALL,PLN,UNIT1
PLN_ALL,PLN,UNIT2
PNPI_GT2_RN,PNPI,GT2
PORTSL_UNIT1,PORT_SLR,UNIT1
POTEETS_RN,POTEETS,ESR1
POTSVIL_RN,GRIZZLY,ESR1
POTSVIL_RN,GRIZZLY,SOLAR1
PPEC_RN,PPEC,GT7
PPEC_RN,PPEC,GT8
PRCRK_RN,PRCRK,ESR1
PRID_RN,PRIDDY,UNIT1
PRID_RN,PRIDDY,UNIT2
PROSPERO_ALL,PROSPERO,UNIT1
PROSPERO_ALL,PROSPERO,UNIT2
PRO_RN,PRO,UNIT1
PRO_RN,PRO,UNIT2
PRO_RN,PRO,UNIT3
PRO_RN,PRO,UNIT4
PRO_RN,PRO,UNIT5
PRO_RN,PRO,UNIT6
PRO_RN,PRO,UNIT7
PRO_RN,PRO,UNIT8
PRSPERO2_ALL,PRSPERO2,UNIT1
PRSPERO2_ALL,PRSPERO2,UNIT2
PR_PR_ALL,PR,PR_G2
PSA_PSA_G1,PSA,PSA_G1
PSA_PSA_G2,PSA,PSA_G2
PSA_PSA_G3,PSA,PSA_G3
PSA_PSA_G4,PSA,PSA_G4
PSA_PSA_G5,PSA,PSA_G5
PSA_PSA_G6,PSA,PSA_G6
PSA_PSA_G7,PSA,PSA_G7
PSG_PSG_GT2,PSG,PSG_GT2
PSG_PSG_GT3,PSG,PSG_GT3
PSG_PSG_ST1,PSG,PSG_ST2
PTLBES_BESS1,PRTLAVS,ESR1
PYOTE_RN,PYOTE,UNIT1
PYR_PYRON1,PYR,ESR1
PYR_PYRON1,PYR,ESR2
PYR_PYRON1,PYR,ESR3
PYR_PYRON1,PYR,PYRON1
PYR_PYRON1,PYR,PYRON2
Q1_DGR1_RN,Q1,DGR1
QALSW_ALL,QALSW,GT1
QALSW_ALL,QALSW,GT2
QALSW_ALL,QALSW,GT3
QALSW_ALL,QALSW,GT4
QALSW_ALL,QALSW,STG1
QALSW_ALL,QALSW,STG2
QUEEN_BA_RN,QUEEN_BA,ESR1
QUEEN_SL_RN,QUEEN_SL,SOLAR1
QUEEN_SL_RN,QUEEN_SL,SOLAR2
QUEEN_SL_RN,QUEEN_SL,SOLAR3
QUEEN_SL_RN,QUEEN_SL,SOLAR4
RAB_G1-8,RAB,UNIT1
RAB_G1-8,RAB,UNIT2
RAB_G1-8,RAB,UNIT3
RAB_G1-8,RAB,UNIT4
RAB_G1-8,RAB,UNIT5
RAB_G1-8,RAB,UNIT6
RAB_G1-8,RAB,UNIT7
RAB_G1-8,RAB,UNIT8
RADN_SLR_ALL,RADN_SLR,ESR1
RADN_SLR_ALL,RADN_SLR,ESR2
RADN_SLR_ALL,RADN_SLR,UNIT1
RADN_SLR_ALL,RADN_SLR,UNIT2
RAMBLER_UNIT,RAMBLER,UNIT1
RANCHERO_ALL,RANCHERO,UNIT1
RANCHERO_ALL,RANCHERO,UNIT2
RAT_RN_1,RATLIFF,SOLAR1
RAYB_G78910,RAYBURN,RAYBURG10
RAYB_G78910,RAYBURN,RAYBURG7
RAYB_G78910,RAYBURN,RAYBURG8
RAYB_G78910,RAYBURN,RAYBURG9
RBN_BESS1,RBN,ESR1
RDCAN_RDCNY1,RDCANYON,RDCNY1
REDBARN_RN,REDBARN,UNIT_1
REDBARN_RN,REDBARN,UNIT_2
REDFISH_ALL,REDFISH,MV1A
REDFISH_ALL,REDFISH,MV1B
REDGATE_RN,REDGATE,AGR_A
REDGATE_RN,REDGATE,AGR_B
REDGATE_RN,REDGATE,AGR_C
REDGATE_RN,REDGATE,AGR_D
RELOJ_ALL,RELOJ,UNIT1
RELOJ_ALL,RELOJ,UNIT2
RELOJ_ALL,RELOJ,UNIT3
RELOJ_ALL,RELOJ,UNIT4
REROCK_ALL,REROCK,UNIT1
REROCK_ALL,REROCK,UNIT2
RHESS2_ESS1,GEORSO,ESR1
RIGGIN_UNIT1,RIGGINS,UNIT1
RIOG_ESR2_RN,RIO_GRAN,ESR2
RIOG_ESR_RN,RIO_GRAN,ESR1
RIONOG_CT1,RIONOG,CT1
RIONOG_CT2,RIONOG,CT2
RIONOG_CT3,RIONOG,CT3
RIONOG_ST1,RIONOG,ST1
RIPPEY_ALL,RIPPEY,UNIT1
RN_APOGEE,APOGEE,UNIT1
RN_APOGEE,APOGEE,UNIT2
RN_APOGEE,APOGEE,UNIT3
RN_APOGEE,APOGEE,UNIT4
RN_APOGEE,APOGEE,UNIT5
RN_APOGEE,APOGEE,UNIT6
RN_APOGEE,APOGEE,UNIT7
RN_BYU_G8,BYU,BYU_G8
RN_BY_ESR1,BY,ESR1
RN_DEC_AGR_A,DEC,AGR_A
RN_DEC_AGR_B,DEC,AGR_B
RN_DEC_AGR_C,DEC,AGR_C
RN_DEC_AGR_D,DEC,AGR_D
RN_ECEC_HOLT,ECEC,G1
RN_ECEC_HOLT,ECEC,G2
RN_LNP_SLR,LNP,SOLAR1
RN_OCI_ALAMO,OCI_ALM1,UNIT1
RN_PAD3_ESS,PAD3_ESS,ESR3
RN_QTUM_SLR,QTUM_SLR,ESR1
RN_QTUM_SLR,QTUM_SLR,ESR2
RN_QTUM_SLR,QTUM_SLR,UNIT1
RN_QTUM_SLR,QTUM_SLR,UNIT2
RN_RHN_ESR,RHA,ESR1
RN_RTS1,RTS,U1
RN_RTS1,RTS2,U1
RN_RTS1,RTS2,U2
RN_SOLC_SLR,SOLC_SLR,ESR1
RN_SOLC_SLR,SOLC_SLR,ESR2
RN_SOLC_SLR,SOLC_SLR,UNIT1
RN_SOLC_SLR,SOLC_SLR,UNIT2
RN_SR_WIND1,SANROMAN,WIND_1
ROSELAND_ALL,ROSELAND,ESR1
ROSELAND_ALL,ROSELAND,SOLAR1
ROSELAND_ALL,ROSELAND,SOLAR2
ROSELAND_ALL,ROSELAND,SOLAR3
ROUTE66_RN,ROUTE_66,WIND1
ROW_ALL,ROW,UNIT1
ROW_ALL,ROW,UNIT2
RPUBRDS_RN,RPUBRDS,ESR1
RRANCHES_ALL,RRANCHES,ESR1
RRANCHES_ALL,RRANCHES,ESR2
RRC_WIND_ALL,RRC_WIND,ESR1
RRC_WIND_ALL,RRC_WIND,ESR2
RRC_WIND_ALL,RRC_WIND,UNIT1
RRC_WIND_ALL,RRC_WIND,UNIT2
RRC_WIND_ALL,RRC_WIND,UNIT3
RSK_RN,RSNAKE,G1
RSK_RN,RSNAKE,G2
RTLSNAKE_BT,RTLSNAKE,ESR1
RUSSEKST_RN,RUSSEKST,ESR1
RVRVLYS_ALL,RVRVLYS,ESR1
RVRVLYS_ALL,RVRVLYS,ESR2
SADLBACK_RN,SADLBACK,ESR1
SADLBCK_AGR1,SADLBACK,AGR1
SAH_RN,SAH,ESR1
SAH_RN,SAH,ESR2
SALVTION_GEN,SALVTION,UNIT1
SALVTION_GEN,SALVTION,UNIT2
SAMSON_ALL,SAMSON_1,G1
SAMSON_ALL,SAMSON_1,G2
SAMSON_ALL,SAMSON_1,G3
SAMSON_ALL,SAMSON_1,G4
SAMSON_ALL,SAMSON_3,G1
SAMSON_ALL,SAMSON_3,G2
SANDHSYD1_2,SANDHSYD,SH1
SANDHSYD1_2,SANDHSYD,SH2
SANDHSYD3_4,SANDHSYD,SH3
SANDHSYD3_4,SANDHSYD,SH4
SANDHSYD6_7,SANDHSYD,SH6
SANDHSYD6_7,SANDHSYD,SH7
SANDHSYD_5AC,SANDHSYD,SH_5A
SANDHSYD_5AC,SANDHSYD,SH_5C
SANDLAKE_RN,SANDLAKE,ESR1
SANTACRU_ALL,SANTACRU,UNIT1
SANTACRU_ALL,SANTACRU,UNIT2
SAN_SANMIGG1,SANMIGL,G1
SBEAN_BESS,SBEAN,ESR1
SBE_RN_1,SBE,UNIT1
SC2SES_UNIT1,SCSES,UNIT1A
SCES_UNIT1,SCES,UNIT1
SCLP_SCLPC_1,SCLPCOGN,SCLPC_1
SCLP_SCLPC_2,SCLPCOGN,SCLPC_2
SCLP_SCLPC_3,SCLPCOGN,SCLPC_3
SCLP_SCLPC_4,SCLPCOGN,SCLPC_4
SCSES_UNIT2,SCSES,UNIT2
SENATEWD_1,SENATEWD,UNIT1
SEVNF_ES_RN,SEVNF_ES,ESR1
SE_EDINB_RN,SE_EDINB,ESR1
SGM_SIGNALMT,SGMTN,SIGNALM2
SGM_SIGNALMT,SGMTN,SIGNALMT
SGSA_DGR,SGSA,ESR1
SG_BES_BESS1,SGAL_BES,ESR1
SG_BES_BESS1,SGAL_BES,ESR2
SHAFFER_ALL,SHAFFER,UNIT1
SHAMROCK_RN,SHAMROCK,ESR1
SHAMROCK_RN,SHAMROCK,UNIT1
SHAMROCK_RN,SHAMROCK,UNIT2
SHANNONW_RN,SHANNONW,UNIT_1
SHAW_SLR_RN,SHAW_SLR,UNIT1
SHEEPCRK_1,SHEEPCRK,ESR1
SHEEPCRK_1,SHEEPCRK,UNIT1
SIG_SLR_RN,SIG_SLR,UNIT1
SIL_SILAS_10,SILASRAY,SILAS_10
SIL_SILAS_6,SILASRAY,SILAS_6
SIL_SILAS_9,SILASRAY,SILAS_9
SIRIUS_UNIT1,SIRIUS,UNIT1
SIRIUS_UNIT1,SIRIUS,UNIT2
SJS_SJS_G1,SJS,SJS_G1
SJS_SJS_G2,SJS,SJS_G2
SKY1,SKY1,SKY1A
SKY1,SKY1,SKY1B
SLCN_ESS_ALL,SLCNHLS,ESR1
SLCN_ESS_ALL,SLCNHLS,ESR2
SLK_BESS_RN,SLK_BESS,ESR1
SLTFRK_UN1_2,SALTFORK,UNIT1
SLTFRK_UN1_2,SALTFORK,UNIT2
SMTH_ESS_RN,SMTH_ESS,ESR1
SNY_BESS_RN,DPCRK,ESR1
SOLARA_UNIT1,SOLARA,UNIT1
SPARTA_ALL,SPARTA,UNIT1
SPARTA_ALL,SPARTA,UNIT2
SPLAIN1_RN,SPLAIN1,WIND1
SPLAIN1_RN,SPLAIN1,WIND2
SPLAIN2_RN,SPLAIN2,WIND21
SPLAIN2_RN,SPLAIN2,WIND22
SPNC_SPNCE_4,SPNCER,SPNCE_4
SPNC_SPNCE_5,SPNCER,SPNCE_5
SPTX12B_RN,SPTX12B,ESR1
SPTX12B_RN,SPTX12B,UNIT1
SP_RN,SP,ESR1
SROSA_ESR_RN,S_SNROSA,ESR1
SRWE1_UNIT1,SRWE1,SRWE2
SRWE1_UNIT1,SRWE1,UNIT1
SSPURT_WIND1,SSPURTWO,SS3WIND1
SSPURT_WIND1,SSPURTWO,SS3WIND2
SSPURT_WIND1,SSPURTWO,WIND_1
STADIUM_RN,STADIUM,ESR1
STAGHORN_RN,STAGHORN,UNIT1
STAM_SLR_ALL,STAM_SLR,ESR1
STAM_SLR_ALL,STAM_SLR,SOLAR1
STAM_SLR_ALL,STAM_SLR,SOLAR2
STAR_SLR_RN,STAR_SLR,UNIT1
STAR_SLR_RN,STAR_SLR,UNIT2
STEAM_ENG123,STEAM,ENGINE_1
STEAM_ENG123,STEAM,ENGINE_2
STEAM_ENG123,STEAM,ENGINE_3
STEA_STEAM_1,STEAM1A,STEAM_1
STEA_STEAM_2,STEAM,STEAM_2
STEA_STEAM_3,STEAM,STEAM_3
STELLA_RN,STELLA,UNIT1
STLHS_SL_RN,STLHS_SL,PV1
STP_STP_G1,STP,STP_G1
STP_STP_G2,STP,STP_G2
STRATEGC_RN,STRATEGC,UNIT1
STRG_SLR_ALL,STRG_SLR,ESR1
STRG_SLR_ALL,STRG_SLR,UNIT1
STRG_SLR_ALL,STRG_SLR,UNIT2
STWF_T1,STWF,T1
SUNVASLR_ALL,SUNVASLR,ESR1
SUNVASLR_ALL,SUNVASLR,ESR2
SUNVASLR_ALL,SUNVASLR,UNIT1
SUNVASLR_ALL,SUNVASLR,UNIT2
SWEC_G1,SWEC,G1
SWEETWN2_2_4,SWEETWN2,WND2
SWEETWN2_2_4,SWEETWN2,WND24
SWEETWN3_3,SWEETWN3,WND3A
SWEETWN3_3,SWEETWN3,WND3B
SWEETWND_1,SWEETWND,WND1
SWFT_SLR_RN,SWFT_SLR,UNIT1
SWOOSE1_U1,PYOTE,ESR1
SWOOSEII_RN,SWOOSEII,ESR1
SWTWN4_WND45,MARYNEAL,UNIT1
SWTWN4_WND45,SWEETWN4,WND4A
SWTWN4_WND45,SWEETWN4,WND4B
SWTWN4_WND45,SWEETWN5,WND5
SWT_BESS_RN,SWTWR,ESR1
SYBR_SLR_RN,SYBR_SLR,UNIT1
SYBR_SLR_RN,SYBR_SLR,UNIT2
S_HILLS_RN,S_HILLS,UNIT1
TAHOKA_ALL,SAGEDRAW,UNIT1
TAHOKA_ALL,SAGEDRAW,UNIT2
TAHOKA_ALL,TAHOKA,UNIT_1
TAHOKA_ALL,TAHOKA,UNIT_2
TANZ_ESS_RN,TANZ_ESS,ESR1
TANZ_ESS_RN,TANZ_ESS,ESR2
TAV_RN,TAV,UNIT1
TAV_RN,TAV,UNIT2
TAYGETE2_ALL,TAYGETE2,UNIT1
TAYGETE2_ALL,TAYGETE2,UNIT2
TAYGETE_ALL,TAYGETE,UNIT1
TAYGETE_ALL,TAYGETE,UNIT2
TBWF_ES_BES1,TBWF_ESS,ESR1
TC_GTG2_RN,TC,GTG2
TC_TCHP1,TC,TCHP1
TDWLPR_1_RN,TDWLPR_1,ESR1
TDWLPR_1_RN,TDWLPR_1,ESR2
TEN_CT1_STG,TEN,CT1
TEN_CT1_STG,TEN,STG
TGCCS_ALL,TGCCS,CT1
TGCCS_ALL,TGCCS,CT2
TGCCS_ALL,TGCCS,CT3
TGCCS_ALL,TGCCS,UNIT4
TGS_GT01,TGS,GT01
TGW_T1_T2,TGW,T1
TGW_T1_T2,TGW,T2
THREEW_S_RN,THREEW_S,SOLAR1
THW_1_CCU,THW,THWGT31
THW_1_CCU,THW,THWGT32
THW_1_CCU,THW,THWGT33
THW_1_CCU,THW,THWGT34
THW_1_CCU,THW,THWST_3
THW_2_CCU,THW,THWGT41
THW_2_CCU,THW,THWGT42
THW_2_CCU,THW,THWGT43
THW_2_CCU,THW,THWGT44
THW_2_CCU,THW,THWST_4
THW_THWGT5X,THW,GT61
THW_THWGT5X,THW,GT62
THW_THWGT5X,THW,THWGT51
THW_THWGT5X,THW,THWGT52
THW_THWGT5X,THW,THWGT53
THW_THWGT5X,THW,THWGT54
THW_THWGT5X,THW,THWGT55
THW_THWGT5X,THW,THWGT56
THW_THWGT_1,THW,THWGT_1
TIMPP_RN1,TIMPP,AGR1
TIMPP_RN1,TIMPP,AGR2
TIMPP_RN2,TIMPP,AGR3
TIMPP_RN2,TIMPP,AGR4
TI_SOLAR_ALL,TI_SOLAR,UNIT1
TI_SOLAR_ALL,TI_SOLAR,UNIT2
TKWSW_CHAMP,CHAMPION,UNIT1
TKWSW_CHAMP,CHAMPION,UNIT2
TKWSW_CHAMP,CHAMPION,UNIT3
TKWSW_ROSCOE,TKWSW1,ROSCOE
TKWSW_ROSCOE,TKWSW1,ROSCOE2A
TMPP_RN3,TIMPP,AGR5
TMPP_RN3,TIMPP,AGR6
TMPP_RN4,TIMPP,AGR7
TMPP_RN4,TIMPP,AGR8
TNFS_RN,TNFS,ESR1
TNG_RN,TNG,SOLAR1
TNG_RN,TNG,SOLAR2
TNP_TNP_O_1,TNP_ONE,TNP_O_1
TNP_TNP_O_2,TNP_ONE,TNP_O_2
TNSKA_CCU,TNSKA,GT1
TNSKA_CCU,TNSKA,GT2
TNSKA_CCU,TNSKA,STG
TNS_SLR_ALL,TNS_SLR,UNIT1
TNS_SLR_ALL,TNS_SLR,UNIT2
TOPAZ_ALL,TOPAZ,UNIT1
TOPAZ_ALL,TOPAZ,UNIT10
TOPAZ_ALL,TOPAZ,UNIT2
TOPAZ_ALL,TOPAZ,UNIT3
TOPAZ_ALL,TOPAZ,UNIT4
TOPAZ_ALL,TOPAZ,UNIT5
TOPAZ_ALL,TOPAZ,UNIT6
TOPAZ_ALL,TOPAZ,UNIT7
TOPAZ_ALL,TOPAZ,UNIT8
TOPAZ_ALL,TOPAZ,UNIT9
TORR_ALL,TORR,ESR1
TORR_ALL,TORR,UNIT1_25
TORR_ALL,TORR,UNIT2_23
TORR_ALL,TORR,UNIT2_25
TORT_ESS_RN,TORT_ESS,ESR1
TOYAH_RN,CHERRYCR,ESR1
TRBT_SLR_RN,TRBT_SLR,PV1
TRBT_SLR_RN,TRBT_SLR,PV2
TREB_SOLAR1,TREB_SLR,SOLAR1
TRENT_TRENT,TRENT,TRENT
TRENT_TRENT,TRENT,UNIT_1B
TRENT_TRENT,TRENT,UNIT_2
TRENT_TRENT,TRENT,UNIT_3A
TRENT_TRENT,TRENT,UNIT_3B
TRINITY_ALL,TRINITY,TH1_BUS1
TRINITY_ALL,TRINITY,TH1_BUS2
TRIPBUT1_RN,BELD,ESR1
TROJ_SLR_RN,TROJ_SLR,PV1
TROJ_SLR_RN,TROJ_SLR,PV2
TRSES_UNIT6,TRSES,UNIT6
TRUENO_ALL,TRUENO,UNIT1
TRUENO_ALL,TRUENO,UNIT2
TRUSGILL_RN,TRUSGILL,UNIT1
TRUSGILL_RN,TRUSGILL,UNIT2
TRUSGILL_RN,TRUSGILL,UNIT3
TRUSGILL_RN,TRUSGILL,UNIT4
TSECA_ES_RN,TSECA_ES,ESR1
TTRSW_RN,DELILA_1,G1
TTRSW_RN,DELILA_1,G2
TTRSW_RN,DELILA_2,G1
TTRSW_RN,DELILA_2,G2
TTRSW_RN,DELILA_2,G3
TTWEC_G1,TTWEC,G1
TUL_SLR_ALL,TUL_SLR,UNIT1
TUL_SLR_ALL,TUL_SLR,UNIT2
TURQ_BESS1,TURQBESS,ESR1
TV_RN,TV,ESR1
TXCTY_CTA,TXCTY,CTA
TXCTY_CTB,TXCTY,CTB
TXCTY_CTC,TXCTY,CTC
TXCTY_ST,TXCTY,ST
TYLRWIND_RN,TYLRWIND,UNIT1
TYNAN_RN,TYNAN,ESR1
TYSN_SLR_RN,TYSN_SLR,UNIT1
UCC_UCC_C_2,UCC_COGN,UCC_C_2
UTOPIA_RN,UTOPIA,ESR1
V2_DGR1_RN,V2,DGR1
V2_DGR2_RN,V2,DGR2
V2_DGR3_RN,V2,DGR3
V4_DGR1_RN,V4,DGR1
VANCOURT_RN,VANCOURT,UNIT1
VENADO_ALL,VENADO,UNIT1
VENADO_ALL,VENADO,UNIT2
VERAWIND_ALL,VERAWIND,UNIT1
VERAWIND_ALL,VERAWIND,UNIT2
VERAWIND_ALL,VERAWIND,UNIT3
VERAWIND_ALL,VERAWIND,UNIT4
VERAWIND_ALL,VERAWIND,UNIT5
VERTIGO_UN1,VERTIGO,WIND_I
VERT_ESS_RN,VERT_ESS,ESR1
VICTPORT_RN,VICTPORT,CTG01
VICTPORT_RN,VICTPORT,CTG02
VICTPORT_RN,VICTPRT2,UNIT1
VICTPORT_RN,VICTPRT2,UNIT2
VIC_VICTORG5,VICTORIA,VICTORG5
VIC_VICTORG6,VICTORIA,VICTORG6
VISION_RN,VISION,UNIT1
VLSES_UNIT3,KMCHI,1CT101
VLSES_UNIT3,KMCHI,1CT201
VLSES_UNIT3,KMCHI,1ST
VLSES_UNIT3,KMCHI,2CT101
VLSES_UNIT3,KMCHI,2CT201
VLSES_UNIT3,KMCHI,2ST
VORT_ALL_RN,VORTEX,ESR1
VORT_ALL_RN,VORTEX,WIND1
VORT_ALL_RN,VORTEX,WIND2
VORT_ALL_RN,VORTEX,WIND3
VORT_ALL_RN,VORTEX,WIND4
WAKEWE_ALL,WAKEWE,G1
WAKEWE_ALL,WAKEWE,G2
WAL_RN,WAL,ESR1
WAP_WAPGT_1,WAP,WAPGT_1
WAP_WAP_G1,WAP,WAP_G1
WAP_WAP_G2,WAP,WAP_G2
WAP_WAP_G3,WAP,WAP_G3
WAP_WAP_G4,WAP,WAP_G4
WAP_WAP_G5,WAP,WAP_G5
WAP_WAP_G6,WAP,WAP_G6
WAP_WAP_G7,WAP,WAP_G7
WAP_WAP_G8,WAP,WAP_G8
WAYMARK_RN,WAYMARK,UNIT1
WCPP_CT1,WCPP,CT1
WCPP_CT2,WCPP,CT2
WCPP_ST1,WCPP,ST1
WEBBER_WS_T1,WEBBER_S,WSP1
WEC_WECG1,WEC,WECG1
WES_ALL,WES,UNIT1
WES_ALL,WES,UNIT2
WFCOGEN_13,WFCOGEN,UNIT1
WFCOGEN_13,WFCOGEN,UNIT3
WFCOGEN_24,WFCOGEN,UNIT2
WFCOGEN_24,WFCOGEN,UNIT4
WFTANK_ESS1,WFTANK,ESR1
WGU_RN,WGU,UNIT1
WHCCS2_4,WHCCS2,CT4
WHCCS2_5_6,WHCCS2,CT5
WHCCS2_5_6,WHCCS2,STG6
WHCCS_CT1_ST,WHCCS,CT1
WHCCS_CT1_ST,WHCCS,STG
WHCCS_CT2,WHCCS,CT2
WHITE_PT_UN1,MIDWIND,UNIT1
WHMESA_U1,WHMESA,UNIT1
WHMESA_U1,WHMESA,UNIT2_23
WHMESA_U1,WHMESA,UNIT2_28
WHMESA_U1,WHMESA,UNIT3_23
WHMESA_U1,WHMESA,UNIT3_28
WHTTAIL_WR1,WHTTAIL,WR1
WH_WIND_ALL,WH_WIND,UNIT1
WH_WIND_ALL,WH_WIND,UNIT2
WIG_BESS_RN,WIG_ESS,ESR1
WILDWIND_ALL,WILDWIND,UNIT1
WILDWIND_ALL,WILDWIND,UNIT2
WILDWIND_ALL,WILDWIND,UNIT3
WILDWIND_ALL,WILDWIND,UNIT4
WILDWIND_ALL,WILDWIND,UNIT5
WIPOPA_1_2,WIPOPA,WPP_G1
WIPOPA_1_2,WIPOPA,WPP_G2
WIPOPA_3_4,WIPOPA,WPP_G3
WIPOPA_3_4,WIPOPA,WPP_G4
WIR_WIRTZ_G1,WIRTZ,WIRTZ_G1
WIR_WIRTZ_G2,WIRTZ,WIRTZ_G2
WLTC_ESR_RN,WEIL_TRC,ESR1
WL_RANCH_RN,WL_RANCH,UNIT1
WNDTS2_UNIT1,WNDTHST2,UNIT1
WND_WHITNEY,WND,WHITNEY1
WND_WHITNEY,WND,WHITNEY2
WOODWRD1_RN,WOODWRD1,WOODWRD1
WOODWRD2_RN,WOODWRD2,WOODWRD2
WOV_BESS_RN,WOVER,ESR1
WRSBES_BESS1,WORSHAM,ESR1
WR_RN,WR,ESR1
WZRD_ESS_RN,WZRD_ESS,ESR1
W_HRL_ESR_RN,W_HARLIN,ESR1
W_PECO_UNIT1,W_PECOS,UNIT1
X1_DGR_RN,X1,DGR1
X443ESRN,X4,ESR1
YAPN_SLR_RN,YAPN_SLR,PV1
YAPN_SLR_RN,YAPN_SLR,PV2
YNG_WND_ALL,YNG_WND,UNIT1
YNG_WND_ALL,YNG_WND,UNIT2
YNG_WND_ALL,YNG_WND,UNIT3
Z0_DGR1_RN,Z0,DGR1
Z0_DGR2_RN,Z0,DGR2
Z0_DGR2_RN,Z0,ESR1
Z5_DGR1_RN,Z5,DGR1
ZIER_SLR_ALL,ZIER_SLR,ESR1
ZIER_SLR_ALL,ZIER_SLR,PV1
